{
    "data_point": 6,
    "timestamp": "2026-01-10T12:59:23.009981",
    "total_detections": 0,
    "detections": [],
    "original_metadata": {
        "camera_data": null,
        "echo_data": {
            "profile": "6_dp_echo.npy",
            "scan_start": 0.0,
            "scan_length": 1.825,
            "distance": 1.222,
            "confidence": 1.0,
            "location": null,
            "location_acc": null,
            "time": 1654200996.5009258,
            "rov_orientation": [
                0.0005864780396223068,
                -0.010333694517612457,
                2.709118604660034
            ]
        },
        "sonar_data": {
            "sonar_signal": "6_dp_sonar.npy",
            "scan_angles": [
                5.984734005088556,
                6.000441968356505,
                6.0161499316244536,
                6.031857894892402,
                6.047565858160352,
                6.0632738214283,
                6.07898178469625,
                6.094689747964199,
                6.110397711232148,
                6.126105674500097,
                6.1418136377680455,
                6.157521601035994,
                6.173229564303943,
                6.188937527571892,
                6.204645490839841,
                6.220353454107791,
                6.23606141737574,
                6.2517693806436885,
                6.267477343911637,
                0.0,
                0.015707963267948967,
                0.031415926535897934,
                0.047123889803846894,
                0.06283185307179587,
                0.07853981633974483,
                0.09424777960769379,
                0.10995574287564276,
                0.12566370614359174,
                0.1413716694115407,
                0.15707963267948966,
                0.17278759594743862,
                0.18849555921538758,
                0.20420352248333656,
                0.21991148575128552,
                0.23561944901923446,
                0.25132741228718347,
                0.26703537555513246,
                0.2827433388230814,
                0.2984513020910303,
                0.3141592653589793,
                0.3298672286269283,
                0.34557519189487723,
                0.36128315516282616,
                0.37699111843077515,
                0.39269908169872414
            ],
            "scan_times": [
                1654200997.9036202,
                1654200997.8321064,
                1654200997.7659926,
                1654200997.6928542,
                1654200997.6327727,
                1654200997.5672417,
                1654200997.4967785,
                1654200997.435442,
                1654200997.3680344,
                1654200997.3049057,
                1654200997.2366743,
                1654200997.172748,
                1654200997.1057537,
                1654200997.0298297,
                1654200996.9636512,
                1654200996.897794,
                1654200996.8358614,
                1654200996.7685206,
                1654200996.7115946,
                1654200996.6402924,
                1654200996.5783753,
                1654200996.5173829,
                1654200996.4458754,
                1654200996.3769548,
                1654200996.3037267,
                1654200996.2330153,
                1654200996.1600912,
                1654200996.094511,
                1654200996.0083745,
                1654200995.9427054,
                1654200995.8724887,
                1654200995.7972925,
                1654200995.7089229,
                1654200995.6425047,
                1654200995.5601995,
                1654200995.4831066,
                1654200995.4213653,
                1654200995.3221192,
                1654200995.2381675,
                1654200995.16009,
                1654200995.0976944,
                1654200995.0359695,
                1654200994.964972,
                1654200994.8986237,
                1654200994.8365722
            ],