{"camera_data": null, "echo_data": {"profile": "1_dp_echo.npy", "scan_start": 0.0, "scan_length": 2.136, "distance": 1.43, "confidence": 1.0, "location": null, "location_acc": null, "time": 1654200981.0813599, "rov_orientation": [0.003224305808544159, -0.00821540504693985, 2.6427664756774902]}, "sonar_data": {"sonar_signal": "1_dp_sonar.npy", "scan_angles": [6.047565858160352, 6.0632738214283, 6.07898178469625, 6.094689747964199, 6.110397711232148, 6.126105674500097, 6.1418136377680455, 6.157521601035994, 6.173229564303943, 6.188937527571892, 6.204645490839841, 6.220353454107791, 6.23606141737574, 6.2517693806436885, 6.267477343911637, 0.0, 0.015707963267948967, 0.031415926535897934, 0.047123889803846894, 0.06283185307179587, 0.07853981633974483, 0.09424777960769379, 0.10995574287564276, 0.12566370614359174, 0.1413716694115407, 0.15707963267948966, 0.17278759594743862, 0.18849555921538758, 0.20420352248333656, 0.21991148575128552, 0.23561944901923446, 0.25132741228718347, 0.26703537555513246, 0.2827433388230814, 0.2984513020910303, 0.3141592653589793, 0.3298672286269283, 0.34557519189487723, 0.36128315516282616, 0.37699111843077515, 0.39269908169872414, 0.4084070449666731, 0.42411500823462206, 0.43982297150257105, 0.45553093477052004], "scan_times": [1654200979.1912925, 1654200979.2566826, 1654200979.3271515, 1654200979.3894296, 1654200979.4601016, 1654200979.5243495, 1654200979.5963395, 1654200979.6802185, 1654200979.7514153, 1654200979.8133326, 1654200979.8744686, 1654200979.9350865, 1654200980.0011501, 1654200980.0617912, 1654200980.1286976, 1654200980.198436, 1654200980.2644806, 1654200980.3335564, 1654200980.403569, 1654200980.479133, 1654200980.5508726, 1654200980.6178427, 1654200980.6843624, 1654200980.761259, 1654200980.8274188, 1654200980.899866, 1654200980.9753244, 1654200981.050737, 1654200981.1105938, 1654200981.1717885, 1654200981.232196, 1654200981.3040082, 1654200981.3661532, 1654200981.4268196, 1654200981.4935453, 1654200981.5550332, 1654200981.6276035, 1654200981.6992264, 1654200981.7708914, 1654200981.8478851, 1654200981.9257774, 1654200981.9878354, 1654200982.0587032, 1654200982.122106, 1654200982.2018733], "scan_orientations": [[0.0032243058545380443, -0.008215405259233482, 2.6427665491881895], [0.0032243058545380443, -0.008215405259233482, 2.6427665491881895], [0.0032243058545380443, -0.008215405259233482, 2.6427665491881895], [0.0032243058545380443, -0.008215405259233482, 2.6427665491881895], [0.0032243058545380443, -0.008215405259233482, 2.6427665491881895], [0.0032243058545380443, -0.008215405259233482, 2.6427665491881895], [0.0032243058545380443, -0.008215405259233482, 2.6427665491881895], [0.0032243058545380443, -0.008215405259233482, 2.6427665491881895], [0.0032243058545380443, -0.008215405259233482, 2.6427665491881895], [0.0032243058545380443, -0.008215405259233482, 2.6427665491881895], [0.0032243058545380443, -0.008215405259233482, 2.6427665491881895], [0.0032243058545380443, -0.008215405259233482, 2.6427665491881895], [0.0032243058545380443, -0.008215405259233482, 2.6427665491881895], [0.0032243058545380443, -0.008215405259233482, 2.6427665491881895], [0.0032243058545380443, -0.008215405259233482, 2.6427665491881895], [0.0032243058545380443, -0.008215405259233482, 2.6427665491881895], [0.0032243058545380443, -0.008215405259233482, 2.6427665491881895], [0.0032243058545380443, -0.008215405259233482, 2.6427665491881895], [0.0032243058545380443, -0.008215405259233482, 2.6427665491881895], [0.0032243058545380443, -0.008215405259233482, 2.6427665491881895], [0.0032243058545380443, -0.008215405259233482, 2.6427665491881895], [0.0032243058545380443, -0.008215405259233482, 2.6427665491881895], [0.0032243058545380443, -0.008215405259233482, 2.6427665491881895], [0.0032243058545380443, -0.008215405259233482, 2.6427665491881895], [0.0032243058545380443, -0.008215405259233482, 2.6427665491881895], [0.0032243058545380443, -0.008215405259233482, 2.6427665491881895], [0.0032243058545380443, -0.008215405259233482, 2.6427665491881895], [0.0032243058545380443, -0.008215405259233482, 2.6427665491881895], [0.0032243058545380443, -0.008215405259233482, 2.6427665491881895], [0.0032243058545380443, -0.008215405259233482, 2.6427665491881895], [0.0032243058545380443, -0.008215405259233482, 2.6427665491881895], [0.0032243058545380443, -0.008215405259233482, 2.6427665491881895], [0.0032243058545380443, -0.008215405259233482, 2.6427665491881895], [0.0032243058545380443, -0.008215405259233482, 2.6427665491881895], [0.0032243058545380443, -0.008215405259233482, 2.6427665491881895], [0.0032243058545380443, -0.008215405259233482, 2.6427665491881895], [0.0032243058545380443, -0.008215405259233482, 2.6427665491881895], [0.0032243058545380443, -0.008215405259233482, 2.6427665491881895], [0.0032243058545380443, -0.008215405259233482, 2.6427665491881895], [0.0032243058545380443, -0.008215405259233482, 2.6427665491881895], [0.0032243058545380443, -0.008215405259233482, 2.6427665491881895], [0.0032243058545380443, -0.008215405259233482, 2.6427665491881895], [0.0032243058545380443, -0.008215405259233482, 2.6427665491881895], [0.0032243058545380443, -0.008215405259233482, 2.6427665491881895], [0.0032243058545380443, -0.008215405259233482, 2.6427665491881895]], "angular_resolution": 0.015707963267948967, "sonar_range": 20.0, "sonar_start": 0, "rov_orientation_min_max": [[0.0032243058545380443, -0.008215405259233482, 2.6427665491881895], [0.0032243058545380443, -0.008215405259233482, 2.6427665491881895]], "ticket_id": 1, "global_angle_scan": true, "location": null, "location_acc": null, "time": 1654200979.1912925, "rov_orientation": [0.0032243058545380443, -0.008215405259233482, 2.6427665491881895]}, "relative_pos": null, "relative_pos_acc": null, "absolute_pos": null, "absolute_pos_acc": null, "extend": null, "extend_acc": null, "relative_orientation": null, "rov_orientation": null, "ai_class": null, "ai_image_seg": null, "ai_image_feat": null, "ai_sonar_seg": null, "ai_sonar_feat": null}