{"camera_data": null, "echo_data": {"profile": "2_dp_echo.npy", "scan_start": 0.0, "scan_length": 1.998, "distance": 1.331, "confidence": 1.0, "location": null, "location_acc": null, "time": 1654200983.2756984, "rov_orientation": [-0.0986645519733429, 0.01440245658159256, 2.663856267929077]}, "sonar_data": {"sonar_signal": "2_dp_sonar.npy", "scan_angles": [6.0161499316244536, 6.031857894892402, 6.047565858160352, 6.0632738214283, 6.07898178469625, 6.094689747964199, 6.110397711232148, 6.126105674500097, 6.1418136377680455, 6.157521601035994, 6.188937527571892, 6.204645490839841, 6.220353454107791, 6.23606141737574, 6.2517693806436885, 6.267477343911637, 0.0, 0.015707963267948967, 0.031415926535897934, 0.047123889803846894, 0.06283185307179587, 0.07853981633974483, 0.09424777960769379, 0.10995574287564276, 0.12566370614359174, 0.1413716694115407, 0.1413716694115407, 0.15707963267948966, 0.17278759594743862, 0.18849555921538758, 0.20420352248333656, 0.21991148575128552, 0.23561944901923446, 0.25132741228718347, 0.26703537555513246, 0.2827433388230814, 0.2984513020910303, 0.3141592653589793, 0.3298672286269283, 0.34557519189487723, 0.36128315516282616, 0.37699111843077515, 0.39269908169872414, 0.43982297150257105, 0.45553093477052004], "scan_times": [1654200985.3083405, 1654200985.2471836, 1654200985.1863873, 1654200985.1198537, 1654200985.0595753, 1654200984.9923332, 1654200984.920822, 1654200984.850557, 1654200984.7803092, 1654200984.7093647, 1654200984.6387856, 1654200984.568013, 1654200984.500171, 1654200984.4379523, 1654200984.3752553, 1654200984.3095357, 1654200984.2367716, 1654200984.1556308, 1654200984.0935311, 1654200984.0260415, 1654200983.9605055, 1654200983.8897254, 1654200983.8153396, 1654200983.742919, 1654200983.6740048, 1654200983.596211, 1654200983.5400784, 1654200983.4791336, 1654200983.412242, 1654200983.3400555, 1654200983.2744832, 1654200983.2038438, 1654200983.1436095, 1654200983.062669, 1654200982.9842753, 1654200982.9181592, 1654200982.8522768, 1654200982.783533, 1654200982.7164788, 1654200982.645626, 1654200982.5713012, 1654200982.4962611, 1654200982.4228034, 1654200982.3436172, 1654200982.2639813], "scan_orientations": [[-0.024137567822014278, -0.01030890235619067, 2.6681220531894483], [-0.024137567822014278, -0.01030890235619067, 2.6681220531894483], [-0.024137567822014278, -0.01030890235619067, 2.6681220531894483], [-0.024137567822014278, -0.01030890235619067, 2.6681220531894483], [-0.024137567822014278, -0.01030890235619067, 2.6681220531894483], [-0.024137567822014278, -0.01030890235619067, 2.6681220531894483], [-0.024137567822014278, -0.01030890235619067, 2.6681220531894483], [-0.024137567822014278, -0.01030890235619067, 2.6681220531894483], [-0.024137567822014278, -0.01030890235619067, 2.6681220531894483], [-0.024137567822014278, -0.01030890235619067, 2.6681220531894483], [0.023437058043198785, 0.009003508486896286, 2.6580291786586554], [0.023437058043198785, 0.009003508486896286, 2.6580291786586554], [0.023437058043198785, 0.009003508486896286, 2.6580291786586554], [0.023437058043198785, 0.009003508486896286, 2.6580291786586554], [0.023437058043198785, 0.009003508486896286, 2.6580291786586554], [0.023437058043198785, 0.009003508486896286, 2.6580291786586554], [0.023437058043198785, 0.009003508486896286, 2.6580291786586554], [0.023437058043198785, 0.009003508486896286, 2.6580291786586554], [0.023437058043198785, 0.009003508486896286, 2.6580291786586554], [0.023437058043198785, 0.009003508486896286, 2.6580291786586554], [0.023437058043198785, 0.009003508486896286, 2.6580291786586554], [0.023437058043198785, 0.009003508486896286, 2.6580291786586554], [0.023437058043198785, 0.009003508486896286, 2.6580291786586554], [0.023437058043198785, 0.009003508486896286, 2.6580291786586554], [0.023437058043198785, 0.009003508486896286, 2.6580291786586554], [0.023437058043198785, 0.009003508486896286, 2.6580291786586554], [-0.09866455071628183, 0.014402457046546094, 2.6638561484921377], [-0.09866455071628183, 0.014402457046546094, 2.6638561484921377], [-0.09866455071628183, 0.014402457046546094, 2.6638561484921377], [-0.09866455071628183, 0.014402457046546094, 2.6638561484921377], [-0.09866455071628183, 0.014402457046546094, 2.6638561484921377], [-0.09866455071628183, 0.014402457046546094, 2.6638561484921377], [-0.09866455071628183, 0.014402457046546094, 2.6638561484921377], [-0.09866455071628183, 0.014402457046546094, 2.6638561484921377], [-0.09866455071628183, 0.014402457046546094, 2.6638561484921377], [-0.09866455071628183, 0.014402457046546094, 2.6638561484921377], [-0.09866455071628183, 0.014402457046546094, 2.6638561484921377], [-0.09866455071628183, 0.014402457046546094, 2.6638561484921377], [-0.09866455071628183, 0.014402457046546094, 2.6638561484921377], [-0.09866455071628183, 0.014402457046546094, 2.6638561484921377], [-0.09866455071628183, 0.014402457046546094, 2.6638561484921377], [-0.09866455071628183, 0.014402457046546094, 2.6638561484921377], [-0.09866455071628183, 0.014402457046546094, 2.6638561484921377], [0.0032243058545380443, -0.008215405259233482, 2.6427665491881895], [0.0032243058545380443, -0.008215405259233482, 2.6427665491881895]], "angular_resolution": 0.015707963267948967, "sonar_range": 20.0, "sonar_start": 0, "rov_orientation_min_max": [[-0.09866455071628183, -0.01030890235619067, 2.6427665491881895], [0.023437058043198785, 0.014402457046546094, 2.6681220531894483]], "ticket_id": 1, "global_angle_scan": true, "location": null, "location_acc": null, "time": 1654200985.3083405, "rov_orientation": [0.023437058043198785, 0.009003508486896286, 2.6580291786586554]}, "relative_pos": null, "relative_pos_acc": null, "absolute_pos": null, "absolute_pos_acc": null, "extend": null, "extend_acc": null, "relative_orientation": null, "rov_orientation": null, "ai_class": null, "ai_image_seg": null, "ai_image_feat": null, "ai_sonar_seg": null, "ai_sonar_feat": null}