{"camera_data": null, "echo_data": {"profile": "3_dp_echo.npy", "scan_start": 0.0, "scan_length": 1.788, "distance": 1.198, "confidence": 1.0, "location": null, "location_acc": null, "time": 1654200987.6294665, "rov_orientation": [0.008042369037866592, 0.0053285881876945496, 2.694786310195923]}, "sonar_data": {"sonar_signal": "3_dp_sonar.npy", "scan_angles": [6.0161499316244536, 6.031857894892402, 6.047565858160352, 6.0632738214283, 6.07898178469625, 6.094689747964199, 6.031857894892402, 6.047565858160352, 6.0632738214283, 6.07898178469625, 6.094689747964199, 6.110397711232148, 6.126105674500097, 6.1418136377680455, 6.157521601035994, 6.173229564303943, 6.188937527571892, 6.204645490839841, 6.220353454107791, 6.23606141737574, 6.2517693806436885, 6.267477343911637, 0.0, 0.015707963267948967, 0.031415926535897934, 0.047123889803846894, 0.06283185307179587, 0.12566370614359174, 0.1413716694115407, 0.15707963267948966, 0.17278759594743862, 0.18849555921538758, 0.20420352248333656, 0.21991148575128552, 0.23561944901923446, 0.25132741228718347, 0.26703537555513246, 0.2827433388230814, 0.2984513020910303, 0.3141592653589793, 0.3298672286269283, 0.36128315516282616, 0.37699111843077515, 0.39269908169872414, 0.4084070449666731], "scan_times": [1654200985.3610306, 1654200985.4338446, 1654200985.4959476, 1654200985.5671053, 1654200985.638297, 1654200985.7049913, 1654200985.8288803, 1654200985.8947244, 1654200985.9618003, 1654200986.051466, 1654200986.1129246, 1654200986.1868515, 1654200986.2459412, 1654200986.3088195, 1654200986.3797138, 1654200986.4507601, 1654200986.5168593, 1654200986.5910027, 1654200986.6622484, 1654200986.7338192, 1654200986.8563037, 1654200986.916787, 1654200986.9773903, 1654200987.038601, 1654200987.109702, 1654200987.181028, 1654200987.2477076, 1654200987.334259, 1654200987.4008594, 1654200987.4722028, 1654200987.5327396, 1654200987.595166, 1654200987.6568708, 1654200987.725921, 1654200987.7885802, 1654200987.8495116, 1654200987.9182112, 1654200987.9804137, 1654200988.0437872, 1654200988.1066809, 1654200988.172481, 1654200988.2431078, 1654200988.3502073, 1654200988.4102805, 1654200988.4767418], "scan_orientations": [[-0.024137567822014278, -0.01030890235619067, 2.6681220531894483], [-0.024137567822014278, -0.01030890235619067, 2.6681220531894483], [-0.024137567822014278, -0.01030890235619067, 2.6681220531894483], [-0.024137567822014278, -0.01030890235619067, 2.6681220531894483], [-0.024137567822014278, -0.01030890235619067, 2.6681220531894483], [-0.024137567822014278, -0.01030890235619067, 2.6681220531894483], [0.07683468583992957, -0.005767021557196138, 2.754547010147922], [0.07683468583992957, -0.005767021557196138, 2.754547010147922], [0.07683468583992957, -0.005767021557196138, 2.754547010147922], [0.07683468583992957, -0.005767021557196138, 2.754547010147922], [0.07683468583992957, -0.005767021557196138, 2.754547010147922], [0.07683468583992957, -0.005767021557196138, 2.754547010147922], [0.07683468583992957, -0.005767021557196138, 2.754547010147922], [0.07683468583992957, -0.005767021557196138, 2.754547010147922], [0.07683468583992957, -0.005767021557196138, 2.754547010147922], [0.07683468583992957, -0.005767021557196138, 2.754547010147922], [0.028593883127719707, -0.0020504109996197194, 2.750258814792287], [0.028593883127719707, -0.0020504109996197194, 2.750258814792287], [0.028593883127719707, -0.0020504109996197194, 2.750258814792287], [0.028593883127719707, -0.0020504109996197194, 2.750258814792287], [0.028593883127719707, -0.0020504109996197194, 2.750258814792287], [0.028593883127719707, -0.0020504109996197194, 2.750258814792287], [0.028593883127719707, -0.0020504109996197194, 2.750258814792287], [0.028593883127719707, -0.0020504109996197194, 2.750258814792287], [0.028593883127719707, -0.0020504109996197194, 2.750258814792287], [0.028593883127719707, -0.0020504109996197194, 2.750258814792287], [0.028593883127719707, -0.0020504109996197194, 2.750258814792287], [0.008042368968148835, 0.005328588051709375, 2.6947862345503726], [0.008042368968148835, 0.005328588051709375, 2.6947862345503726], [0.008042368968148835, 0.005328588051709375, 2.6947862345503726], [0.008042368968148835, 0.005328588051709375, 2.6947862345503726], [0.008042368968148835, 0.005328588051709375, 2.6947862345503726], [0.008042368968148835, 0.005328588051709375, 2.6947862345503726], [0.008042368968148835, 0.005328588051709375, 2.6947862345503726], [0.008042368968148835, 0.005328588051709375, 2.6947862345503726], [0.008042368968148835, 0.005328588051709375, 2.6947862345503726], [0.008042368968148835, 0.005328588051709375, 2.6947862345503726], [0.008042368968148835, 0.005328588051709375, 2.6947862345503726], [0.008042368968148835, 0.005328588051709375, 2.6947862345503726], [0.008042368968148835, 0.005328588051709375, 2.6947862345503726], [0.008042368968148835, 0.005328588051709375, 2.6947862345503726], [-0.001982218653306206, 0.0072391628083025685, 2.6828782293154143], [-0.001982218653306206, 0.0072391628083025685, 2.6828782293154143], [-0.001982218653306206, 0.0072391628083025685, 2.6828782293154143], [-0.001982218653306206, 0.0072391628083025685, 2.6828782293154143]], "angular_resolution": 0.015707963267948967, "sonar_range": 20.0, "sonar_start": 0, "rov_orientation_min_max": [[-0.024137567822014278, -0.01030890235619067, 2.6681220531894483], [0.07683468583992957, 0.0072391628083025685, 2.754547010147922]], "ticket_id": 1, "global_angle_scan": true, "location": null, "location_acc": null, "time": 1654200985.3610306, "rov_orientation": [0.028593883127719707, -0.0020504109996197194, 2.750258814792287]}, "relative_pos": null, "relative_pos_acc": null, "absolute_pos": null, "absolute_pos_acc": null, "extend": null, "extend_acc": null, "relative_orientation": null, "rov_orientation": null, "ai_class": null, "ai_image_seg": null, "ai_image_feat": null, "ai_sonar_seg": null, "ai_sonar_feat": null}