{"camera_data": null, "echo_data": {"profile": "5_dp_echo.npy", "scan_start": 0.0, "scan_length": 1.787, "distance": 1.198, "confidence": 1.0, "location": null, "location_acc": null, "time": 1654200994.336653, "rov_orientation": [0.0060005029663443565, -0.007651008665561676, 2.706357717514038]}, "sonar_data": {"sonar_signal": "5_dp_sonar.npy", "scan_angles": [6.000441968356505, 6.0161499316244536, 6.031857894892402, 6.047565858160352, 6.0632738214283, 6.0632738214283, 6.07898178469625, 6.094689747964199, 6.110397711232148, 6.126105674500097, 6.1418136377680455, 6.157521601035994, 6.173229564303943, 6.188937527571892, 6.204645490839841, 6.220353454107791, 6.23606141737574, 6.2517693806436885, 6.267477343911637, 0.0, 0.015707963267948967, 0.031415926535897934, 0.047123889803846894, 0.06283185307179587, 0.07853981633974483, 0.09424777960769379, 0.10995574287564276, 0.12566370614359174, 0.1413716694115407, 0.15707963267948966, 0.17278759594743862, 0.18849555921538758, 0.20420352248333656, 0.21991148575128552, 0.23561944901923446, 0.25132741228718347, 0.26703537555513246, 0.2827433388230814, 0.2984513020910303, 0.3141592653589793, 0.3298672286269283, 0.34557519189487723, 0.36128315516282616, 0.37699111843077515, 0.39269908169872414], "scan_times": [1654200991.6357937, 1654200991.7114034, 1654200991.78, 1654200991.8615203, 1654200991.9273295, 1654200991.994691, 1654200992.0662313, 1654200992.126486, 1654200992.1969876, 1654200992.2679496, 1654200992.3401163, 1654200992.4115405, 1654200992.482997, 1654200992.548988, 1654200992.6131527, 1654200992.6740022, 1654200992.7398798, 1654200992.8116508, 1654200992.9143343, 1654200992.985749, 1654200993.0463705, 1654200993.108041, 1654200993.1790712, 1654200993.239413, 1654200993.299721, 1654200993.410469, 1654200993.4726918, 1654200993.5426862, 1654200993.6198494, 1654200993.681636, 1654200993.7429357, 1654200993.8089075, 1654200993.9222298, 1654200993.9826226, 1654200994.054946, 1654200994.122995, 1654200994.1895745, 1654200994.2575045, 1654200994.329668, 1654200994.4324627, 1654200994.5007074, 1654200994.5738394, 1654200994.6353118, 1654200994.7129848, 1654200994.7802272], "scan_orientations": [[-0.001982218653306206, 0.0072391628083025685, 2.6828782293154143], [-0.001982218653306206, 0.0072391628083025685, 2.6828782293154143], [-0.001982218653306206, 0.0072391628083025685, 2.6828782293154143], [-0.001982218653306206, 0.0072391628083025685, 2.6828782293154143], [-0.001982218653306206, 0.0072391628083025685, 2.6828782293154143], [0.006000502814513392, -0.0076510086554494984, 2.706357722749989], [0.006000502814513392, -0.0076510086554494984, 2.706357722749989], [0.006000502814513392, -0.0076510086554494984, 2.706357722749989], [0.006000502814513392, -0.0076510086554494984, 2.706357722749989], [0.006000502814513392, -0.0076510086554494984, 2.706357722749989], [0.006000502814513392, -0.0076510086554494984, 2.706357722749989], [0.006000502814513392, -0.0076510086554494984, 2.706357722749989], [0.006000502814513392, -0.0076510086554494984, 2.706357722749989], [0.006000502814513392, -0.0076510086554494984, 2.706357722749989], [0.006000502814513392, -0.0076510086554494984, 2.706357722749989], [0.006000502814513392, -0.0076510086554494984, 2.706357722749989], [0.006000502814513392, -0.0076510086554494984, 2.706357722749989], [0.006000502814513392, -0.0076510086554494984, 2.706357722749989], [0.006000502814513392, -0.0076510086554494984, 2.706357722749989], [0.006000502814513392, -0.0076510086554494984, 2.706357722749989], [0.006000502814513392, -0.0076510086554494984, 2.706357722749989], [0.006000502814513392, -0.0076510086554494984, 2.706357722749989], [0.006000502814513392, -0.0076510086554494984, 2.706357722749989], [0.006000502814513392, -0.0076510086554494984, 2.706357722749989], [0.006000502814513392, -0.0076510086554494984, 2.706357722749989], [0.006000502814513392, -0.0076510086554494984, 2.706357722749989], [0.006000502814513392, -0.0076510086554494984, 2.706357722749989], [0.006000502814513392, -0.0076510086554494984, 2.706357722749989], [0.006000502814513392, -0.0076510086554494984, 2.706357722749989], [0.006000502814513392, -0.0076510086554494984, 2.706357722749989], [0.006000502814513392, -0.0076510086554494984, 2.706357722749989], [0.006000502814513392, -0.0076510086554494984, 2.706357722749989], [0.006000502814513392, -0.0076510086554494984, 2.706357722749989], [0.006000502814513392, -0.0076510086554494984, 2.706357722749989], [0.006000502814513392, -0.0076510086554494984, 2.706357722749989], [0.006000502814513392, -0.0076510086554494984, 2.706357722749989], [0.006000502814513392, -0.0076510086554494984, 2.706357722749989], [0.006000502814513392, -0.0076510086554494984, 2.706357722749989], [0.006000502814513392, -0.0076510086554494984, 2.706357722749989], [0.006000502814513392, -0.0076510086554494984, 2.706357722749989], [0.006000502814513392, -0.0076510086554494984, 2.706357722749989], [0.006000502814513392, -0.0076510086554494984, 2.706357722749989], [0.006000502814513392, -0.0076510086554494984, 2.706357722749989], [0.006000502814513392, -0.0076510086554494984, 2.706357722749989], [0.006000502814513392, -0.0076510086554494984, 2.706357722749989]], "angular_resolution": 0.015707963267948967, "sonar_range": 20.0, "sonar_start": 0, "rov_orientation_min_max": [[-0.001982218653306206, -0.0076510086554494984, 2.6828782293154143], [0.006000502814513392, 0.0072391628083025685, 2.706357722749989]], "ticket_id": 1, "global_angle_scan": true, "location": null, "location_acc": null, "time": 1654200991.6357937, "rov_orientation": [0.006000502814513392, -0.0076510086554494984, 2.706357722749989]}, "relative_pos": null, "relative_pos_acc": null, "absolute_pos": null, "absolute_pos_acc": null, "extend": null, "extend_acc": null, "relative_orientation": null, "rov_orientation": null, "ai_class": null, "ai_image_seg": null, "ai_image_feat": null, "ai_sonar_seg": null, "ai_sonar_feat": null}