{"camera_data": null, "echo_data": {"profile": "7_dp_echo.npy", "scan_start": 0.0, "scan_length": 1.834, "distance": 1.225, "confidence": 1.0, "location": null, "location_acc": null, "time": 1654201000.844738, "rov_orientation": [0.024772586300969124, -0.005018908530473709, 2.632124185562134]}, "sonar_data": {"sonar_signal": "7_dp_sonar.npy", "scan_angles": [5.984734005088556, 6.000441968356505, 6.0161499316244536, 6.031857894892402, 6.047565858160352, 6.0632738214283, 6.07898178469625, 6.094689747964199, 6.110397711232148, 6.126105674500097, 6.1418136377680455, 6.157521601035994, 6.173229564303943, 6.188937527571892, 6.204645490839841, 6.220353454107791, 6.23606141737574, 6.2517693806436885, 6.267477343911637, 0.0, 0.015707963267948967, 0.031415926535897934, 0.047123889803846894, 0.06283185307179587, 0.07853981633974483, 0.09424777960769379, 0.10995574287564276, 0.12566370614359174, 0.1413716694115407, 0.15707963267948966, 0.17278759594743862, 0.18849555921538758, 0.20420352248333656, 0.21991148575128552, 0.2827433388230814, 0.2984513020910303, 0.3141592653589793, 0.3298672286269283, 0.34557519189487723, 0.36128315516282616, 0.37699111843077515, 0.39269908169872414, 0.4084070449666731, 0.42411500823462206, 0.43982297150257105], "scan_times": [1654200997.967889, 1654200998.039327, 1654200998.1118605, 1654200998.1739545, 1654200998.2358334, 1654200998.2971442, 1654200998.3583171, 1654200998.4253263, 1654200998.4918787, 1654200998.5573792, 1654200998.6229322, 1654200998.689541, 1654200998.7620308, 1654200998.8337364, 1654200998.9169347, 1654200998.9880865, 1654200999.0563884, 1654200999.1310575, 1654200999.1968942, 1654200999.2640166, 1654200999.3311577, 1654200999.4045088, 1654200999.475604, 1654200999.5468898, 1654200999.6073005, 1654200999.6685746, 1654200999.7443602, 1654200999.8100767, 1654200999.8715494, 1654200999.9494958, 1654201000.0269804, 1654201000.0928898, 1654201000.1593003, 1654201000.226256, 1654201000.3026388, 1654201000.3649704, 1654201000.4434237, 1654201000.516401, 1654201000.5833294, 1654201000.651329, 1654201000.717555, 1654201000.783349, 1654201000.846399, 1654201000.9155028, 1654201000.9760282], "scan_orientations": [[0.0025603772200454705, 0.0032342597832162707, 2.703259560927456], [0.0025603772200454705, 0.0032342597832162707, 2.703259560927456], [0.0025603772200454705, 0.0032342597832162707, 2.703259560927456], [0.0025603772200454705, 0.0032342597832162707, 2.703259560927456], [0.0025603772200454705, 0.0032342597832162707, 2.703259560927456], [0.0025603772200454705, 0.0032342597832162707, 2.703259560927456], [0.0025603772200454705, 0.0032342597832162707, 2.703259560927456], [0.0025603772200454705, 0.0032342597832162707, 2.703259560927456], [0.0025603772200454705, 0.0032342597832162707, 2.703259560927456], [0.0025603772200454705, 0.0032342597832162707, 2.703259560927456], [0.0025603772200454705, 0.0032342597832162707, 2.703259560927456], [0.0025603772200454705, 0.0032342597832162707, 2.703259560927456], [0.0025603772200454705, 0.0032342597832162707, 2.703259560927456], [0.0025603772200454705, 0.0032342597832162707, 2.703259560927456], [0.0025603772200454705, 0.0032342597832162707, 2.703259560927456], [0.0025603772200454705, 0.0032342597832162707, 2.703259560927456], [0.0025603772200454705, 0.0032342597832162707, 2.703259560927456], [0.0025603772200454705, 0.0032342597832162707, 2.703259560927456], [0.0025603772200454705, 0.0032342597832162707, 2.703259560927456], [0.0025603772200454705, 0.0032342597832162707, 2.703259560927456], [0.0025603772200454705, 0.0032342597832162707, 2.703259560927456], [0.0025603772200454705, 0.0032342597832162707, 2.703259560927456], [0.0025603772200454705, 0.0032342597832162707, 2.703259560927456], [0.0025603772200454705, 0.0032342597832162707, 2.703259560927456], [0.0025603772200454705, 0.0032342597832162707, 2.703259560927456], [0.0025603772200454705, 0.0032342597832162707, 2.703259560927456], [0.0025603772200454705, 0.0032342597832162707, 2.703259560927456], [0.0025603772200454705, 0.0032342597832162707, 2.703259560927456], [0.0025603772200454705, 0.0032342597832162707, 2.703259560927456], [0.0025603772200454705, 0.0032342597832162707, 2.703259560927456], [0.0025603772200454705, 0.0032342597832162707, 2.703259560927456], [0.0025603772200454705, 0.0032342597832162707, 2.703259560927456], [0.0025603772200454705, 0.0032342597832162707, 2.703259560927456], [0.0025603772200454705, 0.0032342597832162707, 2.703259560927456], [0.026280860309720797, -0.016112464564137296, 2.6539528643993475], [0.026280860309720797, -0.016112464564137296, 2.6539528643993475], [0.026280860309720797, -0.016112464564137296, 2.6539528643993475], [0.026280860309720797, -0.016112464564137296, 2.6539528643993475], [0.026280860309720797, -0.016112464564137296, 2.6539528643993475], [0.026280860309720797, -0.016112464564137296, 2.6539528643993475], [0.026280860309720797, -0.016112464564137296, 2.6539528643993475], [0.026280860309720797, -0.016112464564137296, 2.6539528643993475], [0.026280860309720797, -0.016112464564137296, 2.6539528643993475], [0.026280860309720797, -0.016112464564137296, 2.6539528643993475], [0.026280860309720797, -0.016112464564137296, 2.6539528643993475]], "angular_resolution": 0.015707963267948967, "sonar_range": 20.0, "sonar_start": 0, "rov_orientation_min_max": [[0.0025603772200454705, -0.016112464564137296, 2.6539528643993475], [0.026280860309720797, 0.0032342597832162707, 2.703259560927456]], "ticket_id": 1, "global_angle_scan": true, "location": null, "location_acc": null, "time": 1654200997.967889, "rov_orientation": [0.0025603772200454705, 0.0032342597832162707, 2.703259560927456]}, "relative_pos": null, "relative_pos_acc": null, "absolute_pos": null, "absolute_pos_acc": null, "extend": null, "extend_acc": null, "relative_orientation": null, "rov_orientation": null, "ai_class": null, "ai_image_seg": null, "ai_image_feat": null, "ai_sonar_seg": null, "ai_sonar_feat": null}