{
    "data_point": 4,
    "timestamp": "2026-01-10T12:59:22.795854",
    "total_detections": 0,
    "detections": [],
    "original_metadata": {
        "camera_data": null,
        "echo_data": {
            "profile": "4_dp_echo.npy",
            "scan_start": 0.0,
            "scan_length": 1.754,
            "distance": 1.179,
            "confidence": 1.0,
            "location": null,
            "location_acc": null,
            "time": 1654200989.8954306,
            "rov_orientation": [
                -0.001982218585908413,
                0.007239162921905518,
                2.682878255844116
            ]
        },
        "sonar_data": {
            "sonar_signal": "4_dp_sonar.npy",
            "scan_angles": [
                6.000441968356505,
                6.0161499316244536,
                6.031857894892402,
                6.047565858160352,
                6.0632738214283,
                6.07898178469625,
                6.094689747964199,
                6.110397711232148,
                6.126105674500097,
                6.1418136377680455,
                6.157521601035994,
                6.173229564303943,
                6.188937527571892,
                6.204645490839841,
                6.220353454107791,
                6.23606141737574,
                6.2517693806436885,
                6.267477343911637,
                0.0,
                0.015707963267948967,
                0.031415926535897934,
                0.047123889803846894,
                0.06283185307179587,
                0.07853981633974483,
                0.09424777960769379,
                0.10995574287564276,
                0.12566370614359174,
                0.1413716694115407,
                0.15707963267948966,
                0.17278759594743862,
                0.18849555921538758,
                0.20420352248333656,
                0.21991148575128552,
                0.23561944901923446,
                0.25132741228718347,
                0.26703537555513246,
                0.2827433388230814,
                0.2984513020910303,
                0.3141592653589793,
                0.3298672286269283,
                0.34557519189487723,
                0.36128315516282616,
                0.37699111843077515,
                0.39269908169872414,
                0.4084070449666731
            ],
            "scan_times": [
                1654200991.5829496,
                1654200991.5020752,
                1654200991.4410045,
                1654200991.3737304,
                1654200991.3133957,
                1654200991.253102,
                1654200991.1855547,
                1654200991.1250162,
                1654200991.0635934,
                1654200991.003325,
                1654200990.9429784,
                1654200990.880532,
                1654200990.8178632,
                1654200990.7296927,
                1654200990.6605532,
                1654200990.594909,
                1654200990.5327356,
                1654200990.471243,
                1654200990.4057963,
                1654200990.3452833,
                1654200990.2272837,
                1654200990.1587975,
                1654200990.0983436,
                1654200990.0325344,
                1654200989.964787,
                1654200989.879063,
                1654200989.7649922,
                1654200989.6907153,
                1654200989.6171265,
                1654200989.5472734,
                1654200989.4703612,
                1654200989.4035006,
                1654200989.3429542,
                1654200989.2815864,
                1654200989.2154963,
                1654200989.148178,
                1654200989.0863986,
                1654200989.0206752,
                1654200988.9531515,
                1654200988.8850975,
                1654200988.808888,
                1654200988.7421482,
                1654200988.6603043,
                1654200988.594442,
                1654200988.5327246
            ],