{
    "data_point": 9,
    "timestamp": "2026-01-10T12:59:23.323821",
    "total_detections": 0,
    "detections": [],
    "original_metadata": {
        "camera_data": null,
        "echo_data": {
            "profile": "9_dp_echo.npy",
            "scan_start": 0.0,
            "scan_length": 1.829,
            "distance": 1.227,
            "confidence": 1.0,
            "location": null,
            "location_acc": null,
            "time": 1654201007.64375,
            "rov_orientation": [
                -0.03329959139227867,
                -0.006673332303762436,
                2.6830201148986816
            ]
        },
        "sonar_data": {
            "sonar_signal": "9_dp_sonar.npy",
            "scan_angles": [
                6.000441968356505,
                6.0161499316244536,
                6.031857894892402,
                6.047565858160352,
                6.0632738214283,
                6.07898178469625,
                6.094689747964199,
                6.110397711232148,
                6.126105674500097,
                6.1418136377680455,
                6.157521601035994,
                6.173229564303943,
                6.188937527571892,
                6.204645490839841,
                6.220353454107791,
                6.23606141737574,
                6.2517693806436885,
                6.267477343911637,
                0.0,
                0.015707963267948967,
                0.031415926535897934,
                0.047123889803846894,
                0.06283185307179587,
                0.07853981633974483,
                0.09424777960769379,
                0.10995574287564276,
                0.12566370614359174,
                0.1413716694115407,
                0.15707963267948966,
                0.17278759594743862,
                0.18849555921538758,
                0.20420352248333656,
                0.21991148575128552,
                0.23561944901923446,
                0.25132741228718347,
                0.26703537555513246,
                0.2827433388230814,
                0.2984513020910303,
                0.3141592653589793,
                0.3298672286269283,
                0.34557519189487723,
                0.36128315516282616,
                0.37699111843077515,
                0.39269908169872414,
                0.4084070449666731
            ],
            "scan_times": [
                1654201004.2424588,
                1654201004.3085132,
                1654201004.3741639,
                1654201004.4350471,
                1654201004.4967105,
                1654201004.5606441,
                1654201004.6300871,
                1654201004.6972022,
                1654201004.76186,
                1654201004.8421454,
                1654201004.907797,
                1654201004.997698,
                1654201005.0681505,
                1654201005.1332672,
                1654201005.2042735,
                1654201005.276823,
                1654201005.353524,
                1654201005.4157436,
                1654201005.478861,
                1654201005.5448215,
                1654201005.6059227,
                1654201005.6676793,
                1654201005.734436,
                1654201005.7951732,
                1654201005.8561451,
                1654201005.917162,
                1654201005.9825654,
                1654201006.0633104,
                1654201006.1254637,
                1654201006.1884396,
                1654201006.2628434,
                1654201006.3340611,
                1654201006.3968,
                1654201006.4627616,
                1654201006.5701146,
                1654201006.6415741,
                1654201006.717712,
                1654201006.7785497,
                1654201006.8547075,
                1654201006.9356296,
                1654201007.0060732,
                1654201007.0836196,
                1654201007.15424,
                1654201007.2252805,
                1654201007.2909968
            ],