{
    "data_point": 8,
    "timestamp": "2026-01-10T12:59:23.214787",
    "total_detections": 0,
    "detections": [],
    "original_metadata": {
        "camera_data": null,
        "echo_data": {
            "profile": "8_dp_echo.npy",
            "scan_start": 0.0,
            "scan_length": 1.858,
            "distance": 1.247,
            "confidence": 1.0,
            "location": null,
            "location_acc": null,
            "time": 1654201003.1143699,
            "rov_orientation": [
                -0.005331157706677914,
                -0.01269310712814331,
                2.6664609909057617
            ]
        },
        "sonar_data": {
            "sonar_signal": "8_dp_sonar.npy",
            "scan_angles": [
                6.000441968356505,
                6.0161499316244536,
                6.031857894892402,
                6.047565858160352,
                6.07898178469625,
                6.094689747964199,
                6.110397711232148,
                6.126105674500097,
                6.1418136377680455,
                6.157521601035994,
                6.173229564303943,
                6.188937527571892,
                6.204645490839841,
                6.23606141737574,
                6.2517693806436885,
                6.267477343911637,
                0.0,
                0.015707963267948967,
                0.031415926535897934,
                0.047123889803846894,
                0.06283185307179587,
                0.07853981633974483,
                0.09424777960769379,
                0.10995574287564276,
                0.12566370614359174,
                0.1413716694115407,
                0.15707963267948966,
                0.17278759594743862,
                0.18849555921538758,
                0.20420352248333656,
                0.21991148575128552,
                0.23561944901923446,
                0.25132741228718347,
                0.26703537555513246,
                0.2827433388230814,
                0.2984513020910303,
                0.3141592653589793,
                0.34557519189487723,
                0.36128315516282616,
                0.37699111843077515,
                0.39269908169872414,
                0.4084070449666731,
                0.42411500823462206,
                0.43982297150257105,
                0.43982297150257105
            ],
            "scan_times": [
                1654201004.181811,
                1654201004.1112485,
                1654201004.049566,
                1654201003.9344068,
                1654201003.8611155,
                1654201003.8002799,
                1654201003.7219124,
                1654201003.647639,
                1654201003.576318,
                1654201003.5054514,
                1654201003.4341457,
                1654201003.3570647,
                1654201003.2847254,
                1654201003.2108023,
                1654201003.144233,
                1654201003.0732872,
                1654201003.0127447,
                1654201002.9464438,
                1654201002.8807144,
                1654201002.7951555,
                1654201002.7282257,
                1654201002.6472251,
                1654201002.5710819,
                1654201002.5032806,
                1654201002.4002538,
                1654201002.3343182,
                1654201002.262384,
                1654201002.2004154,
                1654201002.1187289,
                1654201002.0466967,
                1654201001.9803073,
                1654201001.9168043,
                1654201001.8420038,
                1654201001.775798,
                1654201001.7151399,
                1654201001.6548376,
                1654201001.582668,
                1654201001.5012667,
                1654201001.430523,
                1654201001.350357,
                1654201001.290047,
                1654201001.229686,
                1654201001.1638033,
                1654201001.0947084,
                1654201001.0280564
            ],