{
    "data_point": 0,
    "timestamp": "2026-01-10T12:59:22.373794",
    "total_detections": 0,
    "detections": [],
    "original_metadata": {
        "camera_data": null,
        "echo_data": {
            "profile": "0_dp_echo.npy",
            "scan_start": 0.0,
            "scan_length": 2.022,
            "distance": 1.359,
            "confidence": 1.0,
            "location": null,
            "location_acc": null,
            "time": 1654200978.8882792,
            "rov_orientation": [
                0.003224305808544159,
                -0.00821540504693985,
                2.6427664756774902
            ]
        },
        "sonar_data": {
            "sonar_signal": "0_dp_sonar.npy",
            "scan_angles": [
                6.047565858160352,
                6.0632738214283,
                6.07898178469625,
                6.094689747964199,
                6.110397711232148,
                6.126105674500097,
                6.1418136377680455,
                6.157521601035994,
                6.173229564303943,
                6.188937527571892,
                6.204645490839841,
                6.220353454107791,
                6.23606141737574,
                6.23606141737574,
                6.2517693806436885,
                6.267477343911637,
                0.0,
                0.015707963267948967,
                0.031415926535897934,
                0.047123889803846894,
                0.06283185307179587,
                0.07853981633974483,
                0.09424777960769379,
                0.10995574287564276,
                0.12566370614359174,
                0.1413716694115407,
                0.15707963267948966,
                0.17278759594743862,
                0.18849555921538758,
                0.20420352248333656,
                0.21991148575128552,
                0.23561944901923446,
                0.25132741228718347,
                0.26703537555513246,
                0.2827433388230814,
                0.2984513020910303,
                0.3141592653589793,
                0.3298672286269283,
                0.34557519189487723,
                0.36128315516282616,
                0.37699111843077515,
                0.39269908169872414,
                0.4084070449666731,
                0.42411500823462206,
                0.43982297150257105
            ],
            "scan_times": [
                1654200979.1361847,
                1654200979.0760357,
                1654200979.0105743,
                1654200978.9443226,
                1654200978.875451,
                1654200978.796184,
                1654200978.7226949,
                1654200978.6546,
                1654200978.5795078,
                1654200978.513465,
                1654200978.4518564,
                1654200978.3864002,
                1654200978.3257415,
                1654200978.2675018,
                1654200978.1975367,
                1654200978.1315324,
                1654200978.0659149,
                1654200978.004391,
                1654200977.9371645,
                1654200977.8624392,
                1654200977.791411,
                1654200977.7301493,
                1654200977.6622412,
                1654200977.6002526,
                1654200977.5265207,
                1654200977.4661572,
                1654200977.4049463,
                1654200977.3432913,
                1654200977.2727027,
                1654200977.210967,
                1654200977.1501243,
                1654200977.0897152,
                1654200977.024344,
                1654200976.9587958,
                1654200976.9012828,
                1654200976.8358278,
                1654200976.773446,
                1654200976.701203,
                1654200976.622078,
                1654200976.551186,
                1654200976.4797025,
                1654200976.4098701,
                1654200976.3384345,
                1654200976.2802322,
                1654200976.2085145
            ],